Atloor;Eguva thanballapalle;;10.03.2017;5200;4500;8;32
Atloor;Gangaiahpalli;;10.03.2017;6960;4500;8;32
Atloor;Kothakota BC Colony;;10.03.2017;852;4500;11;44
Atloor;Lingareddypalli;;10.03.2017;852;4500;11;44
Atloor;Porumamilla;;10.03.2017;852;4500;11;44
Atloor;Pullareddipalle;;10.03.2017;8500;4500;10;40
Atloor;Reddypalli;;10.03.2017;22470;4000;92;368
Atloor;Tekurupeta;;10.03.2017;3200;4000;8;32
B.Mattam;Girinagar;;10.03.2017;800;4000;8;32
B.Mattam;Muddamvaripalli;1115607002020200;10.03.2017;400;4000;4;16
B.Mattam;Puliveedu;;10.03.2017;400;4000;4;16
B.Mattam;Venkatapuram;;10.03.2017;600;4000;16;63
C.K.Dinne;Adi Andhra Palem;;10.03.2017;600;4000;16;63
C.K.Dinne;Akkalreddipalli;;10.03.2017;600;4000;16;63
C.K.Dinne;Challagirigella;;10.03.2017;600;4000;16;63
C.K.Dinne;Damanapalli;;10.03.2017;600;4000;16;63
C.K.Dinne;Gollapalli;;10.03.2017;600;4000;6;26
C.K.Dinne;Jillela;;10.03.2017;600;4000;6;26
C.K.Dinne;Kammavaripalli;;10.03.2017;600;4000;6;26
C.K.Dinne;Korapatupalli;;10.03.2017;600;4000;6;26
C.K.Dinne;Kothakrishnampalli;;10.03.2017;600;4000;6;26
C.K.Dinne;Kothathiruvengalapur;;10.03.2017;50;4000;9;37
C.K.Dinne;Krishnampalli;;10.03.2017;400;4000;9;37
C.K.Dinne;Krupanagar;;10.03.2017;400;4000;9;37
C.K.Dinne;Manganapalli;;10.03.2017;100;4000;3;13
C.K.Dinne;Musalreddipalli;;10.03.2017;100;4000;3;13
C.K.Dinne;Narsingapalli;;10.03.2017;500;4000;3;13
C.K.Dinne;Peddyellapalli;;10.03.2017;500;4000;3;13
C.K.Dinne;Rajasahepeta;;10.03.2017;400;4000;3;13
C.K.Dinne;Rangasamudram;;10.03.2017;100;4000;3;13
C.K.Dinne;Vasudevapuram;;10.03.2017;200;4000;3;13
C.K.Dinne;Venkatapuram;;10.03.2017;5900;4000;14;56
C.K.Dinne;Yellapalli;;10.03.2017;100;4000;6;24
Chakrayapet;Agraharam;;10.03.2017;100;4000;7;28
Chakrayapet;Akulagaripalli;;10.03.2017;100;4000;4;16
Chakrayapet;Balathimaiahgaripalli;;10.03.2017;100;4000;4;16
Chakrayapet;Bodigundupalli;;10.03.2017;100;4000;4;16
Chakrayapet;Chinayapalli;;10.03.2017;182;4000;5;20
Chakrayapet;Chowtapalem;;10.03.2017;181;4000;5;20
Chakrayapet;Devathapuram;;10.03.2017;177;4500;3;12
Chakrayapet;Gaddamvaripalli;;10.03.2017;700;4500;3;12
Chakrayapet;Gajulapeta;;10.03.2017;390;4500;3;12
Chakrayapet;Jangamreddipalli;;10.03.2017;375;4500;3;12
Chakrayapet;Komanuthala;;10.03.2017;61;4500;3;12
Chakrayapet;Komatipeta;;10.03.2017;290;4500;3;12
Chakrayapet;Kuppagantipalli;;10.03.2017;300;4500;3;12
Chakrayapet;Lakshmipuram;;10.03.2017;915;4500;3;12
Chakrayapet;Madigapalli;;10.03.2017;194;4500;3;12
Chakrayapet;Mahaboob  Nagar;;10.03.2017;150;4500;3;12
Chakrayapet;Nagulaguttapalli;;10.03.2017;500;4500;3;12
Chakrayapet;Payalopalli;;10.03.2017;400;4500;3;12
Chakrayapet;Peddakundala;;10.03.2017;200;4500;4;16
Chakrayapet;Polisettypalli;;10.03.2017;600;4500;2;8
Chakrayapet;Reddivaripalli;;10.03.2017;1080;4000;9;36
Chakrayapet;Siddanakithayapalli;;10.03.2017;3981;4000;4;16
Chakrayapet;Siddvaram;;10.03.2017;395;4000;1;4
Chakrayapet;Sunkesulapalli;;10.03.2017;150;4000;4;16
Chakrayapet;Thelike;;10.03.2017;150;4000;4;16
Chakrayapet;Varikuntapalli;;10.03.2017;150;4000;2;8
Chinnamandem;Badameedipalli;;10.03.2017;525;4000;3;12
Chinnamandem;Bakkireddygaripalli;;10.03.2017;655;4000;3;12
Chinnamandem;Balijapalli;;10.03.2017;100;4000;1;4
Chinnamandem;Boreddygaripalli;1115248008081000;10.03.2017;200;4000;1;4
Chinnamandem;Chennareddipalli;;10.03.2017;50;4000;3;12
Chinnamandem;Damanapalli;;10.03.2017;20;4000;3;12
Chinnamandem;Diguva Kancharlapalli;;10.03.2017;20;4000;4;16
Chinnamandem;Duvvur;;10.03.2017;1726;4000;5;20
Chinnamandem;Girinagar;;10.03.2017;168;5000;3;12
Chinnamandem;Gorlamudiveedu;;10.03.2017;96;5000;2;8
Chinnamandem;Guntikadapalli;;10.03.2017;1383;4000;3;12
Chinnamandem;Indiranagar;;10.03.2017;88;4000;1;4
Chinnamandem;K.Thiruvengalapuram;;28.03.2016;293;4000;5;20
Chinnamandem;Kavalakuntla;;16-Apr-15;904;4000;4;16
Chinnamandem;Kavalakuntla AW;;03.05.2016;1500;4000;14;56
Chinnamandem;Korrapatipalli;;03.05.2016;256;4000;7;28
Chinnamandem;Kotha Kottala;;03.05.2016;265;4000;3;12
Chinnamandem;Maderepalli;;01.04.2016;747;4000;6;24
Chinnamandem;Mahaboob Nagar;;01.04.2016;119;4000;6;24
Chinnamandem;Mallemvandlapalli;;01.04.2016;324;4000;8;32
Chinnamandem;Mudireddypalli SC Colony;;01.04.2016;116;4000;6;24
Chinnamandem;Nagalakuntla;1115248009031100;02.05.2016;610;4000;6;24
Chinnamandem;Nagoorivandlapalli;;01.05.2016;650;4000;6;24
Chinnamandem;Nakkalavandlapalli;;12.03.2016;1504;4000;15;60
Chinnamandem;Nelatur;;20.03.2016;829;4000;2;8
Chinnamandem;Polerammatemple;;20.03.2016;477;4000;5;20
Chinnamandem;Porumamilla 1,13,14,17,18 Wards;;20.03.2016;16201;4000;15;60
Chinnamandem;Porumamilla 2, 12 Wards;;01.05.2016;16201;4000;15;60
Chinnamandem;Reddypalli;;01.05.2016;617;4000;6;24
Chinnamandem;Santhinagaram;;20.03.2016;893;4000;9;36
Chinnamandem;Vaddepalli;;20.03.2016;569;4000;7;28
Chinnamandem;Venkatapuram;;22.04.2016;569;4000;6;24
Chinnamandem;Yadava Street;;06.04.2016;464;4000;6;24
Chinnamandem;Yandapalli;;01.05.2015;202;4000;2;8
Chinnamandem;Yellapalli;;01.05.2016;883;4000;9;36
Chitvel;Azad Nagar;;01.05.2015;234;4000;2;8
Chitvel;Beeramkhampalli;;04.05.2016;461;4000;4;16
Chitvel;Buchampalli;;1.03.2015;482;4000;4;16
Chitvel;Chowdeswar Nagar;;1.03.2015;163;4000;1;4
Chitvel;Gudavandlapalli;;1.03.2015;133;4000;2;8
Chitvel;Gudavandlapalli H.W;;28-01-2015;997;4000;8;32
Chitvel;J.Kothapalli;;28-01-2015;208;4000;2;8
Chitvel;J.Narayanapuram;;27.01.2015;158;4000;2;8
Chitvel;Kolumulapalli, G.P. Lakkireddipalli;;02/12/2015;434;4000;3;12
Chitvel;Manganapalli;;02/12/2015;364;4000;2;8
Chitvel;Moolavanka;;02/12/2015;764;4000;1;4
Chitvel;Peddakampalli;;12/08/2014;118;4000;2;8
Chitvel;R.T Palli;;16/02/2014;412;4000;4;16
Chitvel;Vepamana sathram;;02/02/2015;1215;4000;3;12
Duvvur; G.P.GGS thanda (Top of the Hill);;02/02/2015;219;4000;1;4
Duvvur;Near NTPC;;02/02/2015;217;4000;1;4
Duvvur;Papashabpeta;;19.03.2015;60;4000;1;4
Duvvur;Pathanarasannapalli;;24.03.2015;136;4000;1;4
Duvvur;Venkatarampalli (Yanadi Colony);;20.03.2015;103;4000;1;4
Duvvur;Vepamanusatram;;21.02.2015;322;4000;3;12
Galiveedu;  Kothapalli;;25.02.2015;249;4000;2;8
Galiveedu;Amurivandlapalli;;27.02.2015;236;4000;3;12
Galiveedu;Applarajugaripalli;;1.03.2015;216;4000;2;8
Galiveedu;Awsthagaripalli;;1.12.2012;108;4000;1;4
Galiveedu;B.C Colony;;01.12.2012;68;4000;1;4
Galiveedu;B.Rachapalli;;15.02.2013;50;4000;0.5;2
Galiveedu;Bajawada H.W;;07.03.2013;135;4000;1;4
Galiveedu;Bali Reddygaripalli;;28.02.2014;145;4000;1;4
Galiveedu;Basireddigaripalli;;1.12.2014;6937;4000;20;80
Galiveedu;Batameedapalli;;01.08.2014;144;4000;1;4
Galiveedu;Bayareddygaripali;;01.08.2014;253;4000;1;4
Galiveedu;Bulding Madigapalli H/o Madiravula;;28.05.2014;289;4000;1;4
Galiveedu;C.Veddapalli;;1.10.2014;59;4000;0.5;2
Galiveedu;Chamarthivandlapalli;;17.02.2015;125;4000;1;4
Galiveedu;Cheekativandlapalli;;17.02.2015;236;4000;2;8
Galiveedu;Chenikkayalapalli;;17.02.2015;52;4000;0.5;2
Galiveedu;Cheruvumundarapalli;;20.03.2015;172;4000;1;4
Galiveedu;Chilakapativandlapalli;;20.03.2015;452;4000;3;12
Galiveedu;Chintalavandlapalli;;20.03.2015;176;4000;2;8
Galiveedu;Chitrajugaripalli;;17.03.2015;232;4000;2;8
Galiveedu;Chowatavanka H.W;;25.03.2015;128;4000;1;4
Galiveedu;Chowtapalli;;25.03.2015;66;4000;0.5;2
Galiveedu;Chowthapalli;;01.01.2013;288;4000;2;8
Galiveedu;D.Madigapalli;;04.03.2013;301;4000;3;12
Galiveedu;Dayalavandlapalli;;15.03.2013;40;4000;1;4
Galiveedu;Diguvakovvuruvandlapalli;;31.07.2014;595;4000;4;16
Galiveedu;E.Madigapalli;;31.07.2014;251;4000;2;8
Galiveedu;Eduva Madigapali;;31.07.2014;253;4000;1;4
Galiveedu;Eguvabathinavandlapalli;;31.07.2014;213;4000;1;4
Galiveedu;Eguvagollapalli;;20.07.2014;976;4000;2;8
Galiveedu;Ekilapalli;;14.10.2014;125;4000;1;4
Galiveedu;Elekhachellapalli & Malapalli;;14.10.2014;110;4000;1;4
Galiveedu;Ganganeru B.C.Colony;;01.01.2015;158;4000;1;4
Galiveedu;Ganganeru H.W;;01.01.2015;51;4000;1;4
Galiveedu;Ganganeru Islampeta;;01.01.2015;1289;4000;6;24
Galiveedu;Gollapalli;;01.10.2014;222;4000;2;8
Galiveedu;Gollapalli H.W;;01.10.2014;55;4000;1;4
Galiveedu;Gopagudipalli;;01.10.2014;647;4000;3;12
Galiveedu;Hasnapuram  Hasnapuram;;20.01.2015;106;4000;1;4
Galiveedu;K.Obulam Palli;;01.02.2015;255;4000;2;8
Galiveedu;K.P Chrruvu;;01.10.2014;117;4000;1;4
Galiveedu;Kalavavandlapalli;;01.02.2015;252;4000;2;8
Galiveedu;Karnapuvandlapalli;;01.02.2015;275;4000;2;8
Galiveedu;Kavaligadda HW;;01.02.2015;354;4000;2;8
Galiveedu;KGBV School;;01.02.2015;330;4000;3;12
Galiveedu;kk malapalli;;14.10.2014;135;4000;3;12
Galiveedu;Komatipalli;;14.10.2014;452;4000;2;8
Galiveedu;Kondavandlapalli;;25.02.2015;78;4000;1;4
Galiveedu;Kotha Madigapalli;;18.02.2015;300;4000;2;8
Galiveedu;Kothapalli;;12.03.2015;416;4000;3;12
Galiveedu;Kothapeta;;14.02.2015;84;4000;1;4
Galiveedu;Krishnapuram;;19.02.2015;282;4000;2;8
Galiveedu;Kuravapalli;;10.03.2015;315;4000;2;8
Galiveedu;L.R.Palli Town;;03.03.2015;113;4000;1;4
Galiveedu;Madigapalli;;05.03.2015;460;4000;4;16
Galiveedu;Madigapalli;;10.03.2015;259;4000;2;8
Galiveedu;Madigapalli;;01.03.2015;150;4000;1;4
Galiveedu;Madigapalli Ananthapuram;;10.03.2015;230;4000;2;8
Galiveedu;Malapalli;;09.03.2015;339;4000;1;4
Galiveedu;Malapalli;;01.03.2015;343;4000;3;12
Galiveedu;Manneruvandlapalli;;08.02.2015;324;4000;4;16
Galiveedu;Musalreddigaripalli;;01.08.2014;47;4000;1.5;6
Galiveedu;Nallakatavapalli;;01.08.2014;75;4000;2;8
Galiveedu;Nallaparvataiahgaripalli;;01.08.2014;359;4000;2;8
Galiveedu;Nayunivaripalli;;01.08.2014;165;4000;1;4
Galiveedu;Obulareddygaripalli;;01.08.2014;96;4000;0.5;2
Galiveedu;Pedduru kasba;;01.08.2014;150;4000;1;4
Galiveedu;Polimerapalli;;01.08.2014;2139;4000;6;24
Galiveedu;Ragavareddypalli;;01.08.2014;140;4000;1;4
Galiveedu;Ramapuram;;01.08.2014;148;4000;1;4
Galiveedu;Reddivaripalli;;01.08.2014;1110;4000;4;16
Galiveedu;Reddivaripalli HW;;01.08.2014;722;4000;4;16
Galiveedu;Reddyvaripalli;;01.08.2014;431;4000;2;8
Galiveedu;Seethampeta;;01.08.2014;81;4000;0.5;2
Galiveedu;Surakavandlapalli;;01.08.2014;360;4000;2;8
Galiveedu;Vaddepalli;;01.08.2014;388;4000;2;8
Galiveedu;vaddepalli;;01.08.2014;375;4000;2;8
Galiveedu;Vayalarajugaripalli;;01.08.2014;151;4000;1;4
Galiveedu;Veddapalli;;01.08.2014;50;4000;0.5;2
Galiveedu;Veeraballi;;01.08.2014;154;4000;1;4
Galiveedu;Vongipuram H.W;;01.08.2014;70;4000;0.5;2
Galiveedu;Yedaballi;;1.11.2014;210;4000;2;8
Galiveedu;Yeerrapapireddygaripalli;;1.1.2015;118;4000;1;4
Galiveedu;Yerrangivandlapali;;1.11.2014;53;4000;0.5;2
Galiveedu;Yerrangivandlapali H.WH/o Hanapuram;;1.11.2014;174;4000;1;4
Galiveedu;Yerrappagaripalli;;15.12.2014;476;4000;2;8
Kalasapadu;Gandevandlapalli H/o Sangamvandlapalli;;15.12.2014;92;4000;0.5;2
Kalasapadu;Gutta Thurupu;;1.11.2014;175;4000;1;4
Kalasapadu;Guttapadamati H.W;;15.12.2014;135;4000;1;4
Kalasapadu;Mangalapalli;;01.01.2015;119;4000;1;4
Kalasapadu;Nayunivaripalli;;01.01.2015;79;4000;0.5;2
Kalasapadu;Neelavandlapalli  H/o Sangamvandlapalli;;01.02.2015;126;4000;1;4
Kalasapadu;Papireddigaripalli;;01.02.2015;366;4000;2;8
Kalasapadu;Pitchiguntapalli;;21.01.2015;328;4000;2;8
Kalasapadu;Ragimanudinnepalli;;21.01.2015;165;4000;1;4
Kalasapadu;Reddyvaripalli;;06.02.2015;376;4000;2;8
Kalasapadu;Reddyvaripalli H.W;;17.01.2015;358;4000;2;8
Kalasapadu;Sangamvandlapalli;;04.02.2015;601;4000;3;12
Kamalapuram;Peraiahgaripalli;;14.02.2015;192;4000;1;4
Khajipeta;C.T.K.Malapalli;;01.02.2015;266;4000;1.5;6
Kondapuram;Maddela  Malapalli;;01.02.2015;97;4000;1;4
Kondapuram;Madigapalli;;01.02.2015;109;4000;1;4
Kondapuram;Madirajugaripalli;;10.02.2015;226;4000;1.5;6
Kondapuram;Ramanavandlapalli H/o Vongimalla;;15.01.2015;260;4000;2;8
Kondapuram;Tenkayachetlapalli;;01.01.2015;375;4000;2;8
Kondapuram;ZP High School;;01.01.2015;403;4000;1;4
L.R.Palli;Asivandlapalli;;05.02.2015;190;4000;1;4
L.R.Palli;Balasanivandlaplli;;01.01.2015;180;4000;1;4
L.R.Palli;Batamadigapalli;;01.02.2015;830;4000;4;16
L.R.Palli;Battupalli;;10.02.2015;132;4000;1;4
L.R.Palli;BC Hostel & Chowta H.W;;01.02.2015;85;4000;0.5;2
L.R.Palli;Bongavandlapalli;;05.02.2015;233;4000;1;4
L.R.Palli;Edigapalli;;01.02.2015;198;4000;1;4
L.R.Palli;Gadikota Kasba;;01.02.2015;208;4000;1;4
L.R.Palli;Goddinenivandlapalli;;01.02.2015;199;4000;1;4
L.R.Palli;Kasturba;;01.02.2015;71;4000;1;4
L.R.Palli;Maddivarikunta HW;;01.02.2015;351;4000;2;8
L.R.Palli;Madigapalli H/o Veeraballi;;10.03.2015;73;4000;0.5;2
L.R.Palli;Matli Kasba;;14.02.2015;145;4000;1;4
L.R.Palli;Moravavaddepalli;; 01.04.2015;115;4000;1;4
L.R.Palli;Muppalavandlapalli;; 05.04.2015;52;4000;0.5;2
L.R.Palli;Nayunivaripalli H/o Veeraballi;; 05.04.2015;30;4000;0.5;2
L.R.Palli;Polimerapalli;; 01.04.2015;504;4000;2;8
L.R.Palli;Settivandlpalli;; 01.04.2015;1240;4000;4;16
L.R.Palli;T.Poluvandlapalli;; 01.04.2015;841;4000;3;12
L.R.Palli;Thogatapalli;; 01.04.2015;619;4000;3;12
L.R.Palli;Thoti H.W;; 01.02.2015;57;4000;0.5;2
L.R.Palli;Vaddepalli;; 01.02.2015;198;4000;1;4
L.R.Palli;Vaddepalli;; 10.04.2015;431;4000;3;12
L.R.Palli;Velicherlavandlapalli;; 01.04.2015;398;4000;2;8
L.R.Palli;Yellampalli;;26.02.2014;206;4000;1;4
Lingala;Anumpalli(Krotha);;03.03.2012;185;4000;1;4
Lingala;Balijapalli;;03.03.2012;138;4000;1;4
Lingala;Botlacheruvu;;17.04.2014;505;4000;2;8
Lingala;Cherlopalli & Thavatapalli;;10.06.2014;976;4000;2;8
Lingala;Gorlamudiveedu;;10.06.2014;201;4000;1;4
Lingala;Gorlamudiveedu HW;;10.06.2014;505;4000;2;8
Lingala;Guttakindapalli;;17.04.2014;133;4000;0.5;2
Lingala;Guvvala HW;;01.07.2014;120;4000;1;4
Lingala;Kuravapalli;;04.08.2014;134;4000;1;4
Lingala;Nagirimaduguvandlapalli;;27.06.2014;271;4000;1;4
Lingala;Peyalavandlapalli H/o Madhavaram;;04.08.2014;271;4000;1;4
Lingala;Polireddygaripalli;;28.07.2014;150;4000;1;4
Lingala;Sibyala HW;;28.07.2014;160;4000;1;4
Lingala;Vaddepalli;;01.07.2014;320;4000;2;8
Muddanur;Anumpalli(Patha);;18.08.2014;131;4000;1;4
Muddanur;jangampalli & B.C.Colony;;27.06.2014;271;4000;1;4
Muddanur;Kancharlapalli colony;;20.10.2014;103;4000;1;4
Muddanur;Madigapalli(HW);;27.10.2014;491;4000;1;4
Muddanur;Nagireddygaripalli;;11.09.2014;158;4000;1;4
Muddanur;Papireddigaripalli;;20.10.2014;22;4000;1;4
Muddanur;Ramireddygaripalli H/O Madhavaram;;2.01.2015;196;4000;2;8
Muddanur;Tamtamvandlapalli;;02.03.2015;223;4000;2;8
Mydukur;Chinnramireddygaripalli;;02.03.2015;280;4000;2;8
Mydukur;Kalvavandlapalli;;02.03.2015;103;4000;1;4
Mylavaram;Venkatapuram;;02.03.2015;36;4000;1;4
Penagalur;Ammagaripalli;;02.03.2015;264;4000;2;8
Penagalur;Annamrajugaripalli;;02.03.2015;235;4000;2;8
Penagalur;Aravandlapalli H/o Gorlamudiveedu;;02.03.2015;513;4000;3;12
Penagalur;Avulavandlapalli;;02.03.2015;168;4000;2;8
Penagalur;Avulsettygaripalli;;02.03.2015;87;4000;1;4
Penagalur;Bandameedapalli;;16.03.2015;48;4000;1;4
Penagalur;Boyapalli;;16.03.2015;144;4000;1;4
Penagalur;Boyapalli;;16.03.2015;209;4000;2;8
Penagalur;C.C.palli reddyvaripalli;;16.03.2015;291;4000;2;8
Penagalur;Dasari Colony;;23.03.2015;570;4000;2;8
Penagalur;Dasarivandlapalli;;23.03.2015;93;4000;1;4
Penagalur;Devara Palli;;23.03.2015;115;4000;1;4
Penagalur;Diguva K.Vandalpalli H/o Madhavaram;;23.03.2015;86;4000;1;4
Penagalur;Dinnemedapalli;;23.03.2015;41;4000;1;4
Penagalur;Epilavanka Madigapalli;;23.03.2015;133;4000;1;4
Penagalur;Etotivandlapalli;;1.04.2015;233;4000;2;8
Penagalur;Galiveedu(Dasaripeta,Gandla bazar,Peeru saheb street);;1.04.2015;159;4000;2;8
Penagalur;Gatukadapa Palli;;1.04.2015;217;4000;2;8
Penagalur;Gollapalli;;1.04.2015;250;4000;2;8
Penagalur;Gundla Cheruvu Kasba;;01.05.2014;238;4000;2;8
Penagalur;Gundlcheruvu H.W;;01.05.2014;281;4000;2;8
Penagalur;Guntikadapalli;;10.05.2014;65;4000;0.5;2
Penagalur;Gurikanivandlapalli;;1.09.2014;416;4000;3;12
Penagalur;Gurralamitta ST Colony;;13.10.2014;142;4000;1;4
Penagalur;Jurukuvandlapalli;;2.11.2014;51;4000;0.5;2
Penagalur;Karnamvandlakothapalli;;2.11.2014;74;4000;0.5;2
Penagalur;Katinenivandlapalli;;10.09.2014;86;4000;1;4
Penagalur;Kondakindapalli;;20.10.2014;82;4000;1;4
Penagalur;Koppalavandlapalli;;3.10.2014;104;4000;1;4
Penagalur;Kummarapalli;;18.10.2014;288;4000;2;8
Penagalur;Kurmaiah garipalli;;3.12.2014;95;4000;1;4
Penagalur;Kurmaiahgaripalli B.C Colony;;3.12.2014;430;4000;2;8
Penagalur;Kuruvapalli H/o Yandapalli;;17.01.15;495;4000;2;8
Penagalur;Lakkamvaripalli;;17.01.15;396;4000;3;12
Penagalur;Maddelavandlapalli;;19.01.15;722;4000;3;12
Penagalur;Malapalli H/o Yandapalli;;20.01.15;434;4000;2;8
Penagalur;Mallemvandlapalli;;13.01.15;127;4000;1;4
Penagalur;Moolapalli;;2.01.15;88;4000;1;4
Penagalur;Morawavandlapalli H/o Yandapalli;;22.01.15;3000;4000;5;20
Penagalur;Nakkalavandlapalli;;10.12.2014;188;4000;1;4
Penagalur;Pathasykamvandlapalli;;24.01.2015;639;4000;4;16
Penagalur;Pedakalvapalli;;05.02.2015;53;4000;1;4
Penagalur;Peddireddygaripalli;;05.02.2015;123;4000;2;8
Penagalur;Ramireddygaripalli;;10.02.2015;607;4000;4;16
Penagalur;Ramulapalli;;05.02.15;136;4000;1;4
Penagalur;Reddyvaripalli;;05.02.15;110;4000;1;4
Penagalur;settyvaripalli;;05.2.15;291;4000;2;8
Penagalur;Singamvaripalli;;05.02.15;192;4000;1;4
Penagalur;Sugalithand;;05.02.15;166;4000;1;4
Penagalur;Thotti Kada H.W;;20.01.15;20;4000;1;4
Penagalur;Uyyalavandlapalli;;13.01.15;175;4000;1;4
Penagalur;Vadisalavankapalli;;20.02.15;181;4000;1;4
Penagalur;Vadisalavankapalli Sc Colony;;23.01.15;750;4000;5;20
Penagalur;Vijay nagar colony;;15.02.15;525;4000;2;8
Penagalur;Yeguva Madigapalli H/o Yandapalli;;4.02.15;107;4000;1;4
Penagalur;Yerravandlapalli;;5.02.15;171;4000;1;4
Pendlimarry;C.C.palli peddapalli H/O C.C.Palli;;05.02.15;212;4000;1;4
Pendlimarry;Eguvamoola H/O Thumukunta;;20.02.15;248;4000;2;8
Pendlimarry;K.Peddapalli;;11.03.15;296;4000;3;12
Pendlimarry;Mangal colony;;10.02.15;269;4000;2;8
Pendlimarry;Saladivandla -HW;;20.02.15;125;4000;1;4
Pendlimarry;Santa -HW;;12.02.15;344;4000;1;4
Pendlimarry;Yerradoddipalli;;12.02.15;189;4000;1;4
Porumamilla;Avulavandlapalli;;20.02.15;1432;4000;4;16
Porumamilla;Avulreddygaripalli;;17.02.15;187;4000;1;4
Porumamilla;B.K.Rajupalli;;02.03.15;157;4000;6;24
Porumamilla;Bodasanivandlapalli;;17.02.15;469;4000;2;8
Porumamilla;Bukkapatnamvaripalli;;25.02.15;169;4000;2;8
Porumamilla;Chinna Dasaripalli;;22.02.15;604;4000;2;8
Porumamilla;Chinnapapireddygaripalli;;03.03.15;47;4000;0.5;2
Porumamilla;Devalampeta;;03.03.15;84;4000;1;4
Porumamilla;Devapatla H/O Devapatla;;19.02.15;110;4000;1;4
Porumamilla;Diguva Boyapalli;;08.02.15;201;4000;1;4
Porumamilla;Diguva Rajugaripalli;;08.02.15;52;4000;0.5;2
Porumamilla;Diguvanallaguttapalli Entrance;;17.02.15;184;4000;1;4
Porumamilla;Diguvanallaguttapalli Temple H/O S.Somavaram;;06.02.15;357;4000;2;8
Porumamilla;Dinnemedipalli-hw;;20.02.15;50;4000;1;4
Porumamilla;Dinnemeedipalli;;17.03.15;156;4000;2;8
Porumamilla;Doreddulavandlapalli;;10.04.15;223;4000;2;8
Porumamilla;Eguva Boyapalli;;20.02.15;115;4000;1;4
Porumamilla;Eguvanallaguttapalli Temple;;17.02.15;131;4000;1;4
Porumamilla;Gudiyavandlapalli;;26.02.15;288;4000;1;4
Porumamilla;Gurrala Chintapalli;;28.01.15;406;4000;4;16
Porumamilla;Guttapalli R.K.Nagar;;01.03.15;190;4000;1;4
Porumamilla;Jallavandlapalli;;09.11.2014;309;4000;3;12
Porumamilla;K.V Palli Madigapalli;;11.10.2014;438;4000;4;16
Porumamilla;Kasireddygaripalli;;02.01.2015;252;4000;2;8
Porumamilla;Koravandlapalli;;28.02.2015;664;4000;5;20
Porumamilla;Kotakadepalli;;26.10.2014;220;4000;2;8
Porumamilla;Kothapalli;;20.02.2015;189;4000;2;8
Porumamilla;Kummarapalli;;1.12.2014;265;4000;2;8
Porumamilla;Madigapalli Entrence;;1.12.2014;120;4000;1;4
Porumamilla;Madigapalli Temple;;16.03.2012;600;4000;2;8
Porumamilla;Malasanivaripalli;;01.04.2014;250;4000;1;4
Porumamilla;Masid Area;;01.09.2014;120;4000;1;4
Porumamilla;Mennaiagaripalli;;07.07.2014;400;4000;2;8
Porumamilla;Nadimpalli;;01.01.2015;473;4000;2;8
Porumamilla;Nadipirajupalli;;01.01.2015;269;4000;1;4
Porumamilla;Nagoorivandlapalli-s.c.colony;;01.01.2015;234;4000;1;4
Porumamilla;Nayunivaripalli H/o Korlakunta;;01.01.2015;83;4000;1;4
Porumamilla;Pagadalapalli;;01.01.2015;130;4000;1;4
Porumamilla;Pakkireddygaripalli;;10.02.2015;1611;4000;3;12
Porumamilla;pedda harijanawada;;10.02.2015;223;4000;1;4
Porumamilla;Reddyvaripalli;;10.02.2015;354;4000;2;8
Porumamilla;Roaddu;;10.02.2015;117;4000;0.5;2
Porumamilla;Rodlopalli;;10.02.2015;117;4000;0.5;2
Porumamilla;s.c colony;;10.02.2015;106;4000;0.5;2
Porumamilla;S.C Hostel;;10.02.2015;106;4000;0.5;2
Porumamilla;S.T colony;;10.02.2015;112;4000;0.5;2
Porumamilla;Tamtamvaripalli;;20.02.2015;148;4000;0.5;2
Porumamilla;Utopalem;;17.02.2015;439;4000;2;8
Porumamilla;Veligallu kasba;;20.02.2015;107;4000;1;4
Pulivendula;B.C Hostel;;20.02.2015;108;4000;1;4
Pullampet;Barulakadapalli Colony;;20.02.2015;181;4000;1;4
Pullampet;Barulakadapalli M.V;;20.02.2015;214;4000;2;8
Pullampet;Battavandlapalli H/O Guttapalli;;20.02.2015;138;4000;1;4
Pullampet;Choutupalli;;01.03.2015;257;4000;2;8
Pullampet;Jandigaripalli;;01.03.2015;297;4000;2;8
Pullampet;Kuntakindapalli;;01.03.2015;120;4000;1;4
Pullampet;Regadiguntapalli;;01.03.2015;190;4000;1;4
Pullampet;Roaddu Mitta H/O Guttapalli;;01.03.2015;129;4000;1;4
Pullampet;S.Somavaram Entrance;;01.03.2015;229;4000;2;8
Pullampet;S.Somavaram OHSR;;01.03.2015;250;4000;2;8
Pullampet;Uragayagutta H/O Dudyala;;01.03.2015;246;4000;2;8
Pullampet;Vaddevandlaplli;;05.03.2015;99;4000;1;4
Rajampet;A.Obayapalli;;05.03.2015;33;4000;0.5;2
Rajampet;BAYANENIVANDLAPALLI;;05.03.2015;25;4000;0.5;2
Rajampet;Boggulavandlaplli;;10.03.2015;78;4000;0.5;2
Rajampet;Chinnabidiki;;10.03.2015;17;4000;0.5;2
Rajampet;D.Pothuvandlapalli;;10.03.2015;151;4000;1;4
Rajampet;DINNEMIDAPALLI;;10.03.2015;260;4000;1;4
Rajampet;Gaddamvaripalli;;10.03.2015;85;4000;1;4
Rajampet;KONDAVANDLAPALLI;;10.03.2015;439;4000;1;4
Rajampet;Kummarapalli;;12.03.2015;263;4000;1;4
Rajampet;MADAMVANDLAPALLI;;15.03.2015;384;4000;2;8
Rajampet;Madigapalli (Sc Colony);;15.03.2015;794;4000;2;8
Rajampet;MALLURUVANDLAPALLI;;05.03.2015;228;4000;2;8
Rajampet;Marripalli;;05.03.2015;296;4000;2;8
Rajampet;Mittameedapalli;;16.03.2015;102;4000;1;4
Rajampet;N.R.G.PALLI COLONY;;16.03.2015;51;4000;0.5;2
Rajampet;NARAYANAREDDIGARIPALLI;;25.03.2015;125;4000;1;4
Rajampet;PALEMGADDA H.W;;26.03.2015;95;4000;1;4
Rajampet;Papireddygaripalli;;26.03.2015;421;4000;2;8
Rajampet;POLIMERIVANDLAPALLI  (Vaddepalli );;03.04.2015;334;4000;2;8
Rajampet;POOJARIVANDLAPALLI;;03.04.2015;600;4000;3;12
Rajampet;R.VADDEPALLI MITTA;;06.04.2015;262;4000;2;8
Rajampet;Rangasipuram;;21.10.2014;695;4000;3;12
Rajampet;Reddyvaripalli (D Palle);;8.12.2014;220;4000;1;4
Rajampet;Reddyvaripalli BC Colony;;26.02.2015;400;4000;4;16
Rajampet;ROADUVARI KOTHAPALLI;;27.02.2015;203;4000;1;4
Rajampet;Sambepalli;;27.02.2015;300;4000;2;8
Rajampet;THATIKUNTAPALLI H.W;;09.03.2015;594;4000;5;20
Rajupalem;Moilacheruvu;;10.3.2015;1025;4000;4;16
Ramapuram; Nooliveedu;;10.3.2015;975;4000;5;20
Ramapuram; Veddapalli;;7.04.2015;871;4000;4;16
Ramapuram;Adavicherlopalli;;7.04.2015;273;4000;3;12
Ramapuram;Bakireddygaripalli;;7.04.2015;751;4000;6;24
Ramapuram;Bathinavandlapalli& Diguvamoola;;7.04.2015;251;4000;3;12
Ramapuram;Batinavandlapalli;;31.03.2015;108;4000;1;4
Ramapuram;Chavadepalli;;08.04.2015;147;4000;1.5;6
Ramapuram;chilakaluripeta;;08.04.2015;105;4000;1;4
Ramapuram;Chukamalapalli;;29.03.2015;111;4000;1;4
Ramapuram;Dakshinagadda H.W;;22.02.14;130;4000;1;4
Ramapuram;Eguva MadigaPalli;;12.03.15;60;4000;1;4
Ramapuram;Gollapalli;;12.03.15;129;4000;1;4
Ramapuram;I.Kothapalli;;20.03.15;220;4000;2;8
Ramapuram;Indukuru;;12.02.15;179;4000;1;4
Ramapuram;jangampalli;;16.03.15;1300;4000;7;28
Ramapuram;Kaladevandlapalli;;20.02.15;1361;4000;5;20
Ramapuram;Kalibanda;;15.03.15;115;4000;1;4
Ramapuram;Kokantivandlapalli;;25.02.15;243;4000;2;8
Ramapuram;Kollavandlapalli;;25.02.15;152;4000;1;4
Ramapuram;Kothaveddapalli;;01.01.2015;231;4000;2;8
Ramapuram;Madigapalli;;01.01.2015;298;4000;2;8
Ramapuram;Madigapalli SC Colony;;02.04.15;212;4000;1;4
Ramapuram;Mallur  Cross;;15.03.15;120;4000;1;4
Ramapuram;Moolapalli;;21.03.15;605;4000;3;12
Ramapuram;Mundlavarikota;;10.03.15;150;4000;1.5;6
Ramapuram;Nage Reddygaripalli &Mavillavarepalli;;09.06.2014;85;4000;1;4
Ramapuram;NarishamaRajugaripalli;;09.06.2014;121;4000;1;4
Ramapuram;Nelathimmayapalli;;09.06.2014;44;4000;0.5;2
Ramapuram;Pathavattamvandlapalli;;14.10.2014;40;4000;0.5;2
Ramapuram;Pathurevandla Harizanawada;;21.10.2014;508;4000;2;8
Ramapuram;Pedduru kasba;;16.10.2014;67;4000;0.5;2
Ramapuram;Ravendra Nager (Near Marrichatu);;01.11.2014;108;4000;1;4
Ramapuram;Reddyvaripalli;;09.06.2014;40;4000;0.5;2
Ramapuram;Sainagar Colony;;05.08.2014;193;4000;2;8
Ramapuram;Somulavandlapalli;;24.10.2014;311;4000;2;8
Ramapuram;Sreeramanagar Colony;;24.11.2014;149;4000;1;4
Ramapuram;Thumukunta;;26.01.2015;114;4000;1;4
Ramapuram;U.Rajupalem;;20.12.2014;224;4000;2;8
Ramapuram;Varadannavaripalli;;24.01.2015;272;4000;2;8
Rayachoti;Ambabathinavandlapalli;;25.01.2015;445;4000;2;8
Rayachoti;Devalampeta;;28.01.2015;314;4000;2;8
Rayachoti;Gangireddygariapalli;;24.02.2015;325;4000;3;12
Rayachoti;KodidhaPalli;;26.02.2015;450;4000;3;12
Rayachoti;Madigapalli;;11.03.2015;199;4000;2;8
Rayachoty;Ankampalli H/o;;09.03.2015;198;4000;2;8
Rayachoty;Ayyalavandlapalli;;11.03.2015;296;4000;3;12
Rayachoty;Balireddigaripalli;;09.03.2015;388;4000;3;12
Rayachoty;Bandakaa Edigapalli;;09.03.2015;86;4000;0.5;2
Rayachoty;Bapanapalli;;23.03.2015;480;4000;3;12
Rayachoty;Chakalipalli;;16.03.2015;26;4000;0.5;2
Rayachoty;Chinna Bidiki;;1.04.2015;629;4000;3;12
Rayachoty;Chinnamandam (Darga Colony) & (Anjaneyaswami temple Street);;1.04.2015;51;4000;0.5;2
Rayachoty;Devagudi (RajeevColony);;23.03.2015;227;4000;2;8
Rayachoty;Devandlapalli;;25.03.2015;317;4000;1;4
Rayachoty;Devandlapalli H.W;;17.03.2015;171;4000;1;4
Rayachoty;Devaravandlapalli;;19.03.2015;3729;4000;3;12
Rayachoty;Diguva Jangampalli;;1.04.2015;75;4000;1;4
Rayachoty;Diguva Madiga Palli;;6.04.2015;48;4000;0.5;2
Rayachoty;DiguvaGundlavandlapalli;;13.04.2015;110;4000;2;8
Rayachoty;Dinnemeedapalli;;26.07.2014;88;4000;1;4
Rayachoty;Eguva Balijapalli;;26.07.2014;356;4000;2;8
Rayachoty;Eguvajangampalli;;26.07.2014;159;4000;2;8
Rayachoty;G.K.Rachapalli;;26.07.2014;204;4000;2;8
Rayachoty;Jallavandlapalli;;26.07.2014;109;4000;1;4
Rayachoty;Kammapalli;;15.1.2015;86;4000;1;4
Rayachoty;Kanakantivandlapalli;;15.1.2015;91;4000;1;4
Rayachoty;Kanchipati Vandlapalli H/O T.Sundupalli;;14.02.2015;107;4000;2;8
Rayachoty;Katarumudupu;;15.1.2015;300;4000;2;8
Rayachoty;Kothapalli;;15.01.2015;91;4000;1;4
Rayachoty;Kummarapalli;;15.01.2015;326;4000;3;12
Rayachoty;Kuravapalli H/o.T Sakibanda;;15.01.2015;273;4000;2;8
Rayachoty;Kurvapalli;;15.01.2015;273;4000;2;8
Rayachoty;Machireddygaripalli;;15.01.2015;240;4000;2;8
Rayachoty;Madithativandlapalli;;15.01.2015;173;4000;1;4
Rayachoty;Malapalli;;15.01.2015;60;4000;1;4
Rayachoty;Mannemvaripalli;;15.01.2015;56;4000;1;4
Rayachoty;Nagiripalam;;15.01.2015;39;4000;1;4
Rayachoty;Nallaguttapalli;;14.02.2015;1606;4000;4;16
Rayachoty;Nayunivaripalli;;01.02.2015;199;4000;2;8
Rayachoty;P.Kona;;01.02.2015;171;4000;2;8
Rayachoty;Rachapalli Madigapalli;;01.02.2015;237;4000;3;12
Rayachoty;Rajacolony;;01.02.2015;99;4000;1;4
Rayachoty;Reddannagaripalli;;01.02.2015;350;4000;3;12
Rayachoty;Sagalivandlapalli;;01.02.2015;426;4000;2;8
Rayachoty;Sathupalli;;01.02.2015;150;4000;1;4
Rayachoty;Thottikadamadigapalli;;01.02.2015;41;4000;1;4
Rayachoty;Vanka Bidiki & Pedda Bidiki;;01.02.2015;122;4000;1;4
Rayachoty;Vavillavaddibidiki;;01.02.2015;215;4000;2;8
Rayachoty;Yanadi Colony;;01.02.2015;242;4000;2;8
Sambepalli;B.Reddyvaripalli;;01.02.2015;466;4000;3;12
Sambepalli;Balaji colony;;01.02.2015;315;4000;3;12
Sambepalli;Bandakada Ediigapalli;;01.02.2015;118;4000;1;4
Sambepalli;Bestapalli;;01.02.2015;145;4000;1;4
Sambepalli;Bingivandlapalli;;01.02.2015;179;4000;1;4
Sambepalli;Bodeppagaripalli (Kekaladoddipalli);;01.02.2015;1128;4000;4;16
Sambepalli;Bolluvandlapalli;;01.02.2015;372;4000;3;12
Sambepalli;Buddetivandlapalli;;01.02.2015;145;4000;2;8
Sambepalli;Buraladinne;;01.02.2015;376;4000;3;12
Sambepalli;Buraladinne   H.W;;01.02.2015;125;4000;1;4
Sambepalli;Byravagutta;;01.02.2015;196;4000;2;8
Sambepalli;Chendrajugaripalli;;01.02.2015;96;4000;1;4
Sambepalli;Chennamsettypalli;;01.02.2015;1230;4000;1;4
Sambepalli;Cheruvukindapalli;;01.02.2015;171;4000;1;4
Sambepalli;Cheruvukindapalli HW;;01.02.2015;196;4000;2;8
Sambepalli;Erukalabidaru;;01.02.2015;313;4000;2;8
Sambepalli;Etigadda rachapalli;;01.02.2015;356;4000;3;12
Sambepalli;G.Reddyvaripalli;;01.02.2015;142;4000;2;8
Sambepalli;Gangireddygaripalli;;15.5.2015;143;4000;2;8
Sambepalli;Gundlapalli;;15.5.2015;32;4000;1;4
Sambepalli;Kamireddycheruvu;;15-03-2015;80;4000;1;4
Sambepalli;Kammaguttapalli;;15-02-2015;175;4000;2;8
Sambepalli;Kethireddygaripalli;;05-03-2015;71;4000;1;4
Sambepalli;Kolimi HW;;15-03-2015;369;4000;3;12
Sambepalli;Konankivaripalli;;21-03-2015;238;4000;2;8
Sambepalli;Konankivaripalli;;21-02-2015;76;4000;4;16
Sambepalli;Konankivaripalli HW;;16-03-2015;176;4000;1;4
Sambepalli;Koneruvandlapalli;;04-03-2015;124;4000;1;4
Sambepalli;Kothavaddepalli;;01-03-2015;148;4000;1;4
Sambepalli;Kuravapalli;;01-03-2015;146;4000;1;4
Sambepalli;Kuruvapalli;;04-03-2015;145;4000;2;8
Sambepalli;Madithadu kaspa;;20-02-2015;380;4000;2;8
Sambepalli;Madithativamdlapalli;;19-03-2015;128;4000;1;4
Sambepalli;Mannemvaripalli;;01-02-2015;87;4000;1;4
Sambepalli;Mathamma HW;;01-03-215;150;4000;1;4
Sambepalli;Mitta Bidiki & Mitta Bidiki Colony;;15-02-2015;75;4000;1;4
Sambepalli;Nagarajugari palli;;01-03-2015;203;4000;1;4
Sambepalli;Nallagutta Thurakapalli;;19-03-2015;462;4000;3;12
Sambepalli;Nallappagaripalli;;19-03-2015;53;4000;1;4
Sambepalli;Nallappagaripalli HW;;10/02/2015;187;4000;1;4
Sambepalli;Neelamvandlapalli;;10/02/2015;214;4000;1;4
Sambepalli;Paparajugaripalli;;10/02/2015;78;4000;1;4
Sambepalli;Peddagollapalli;;10/02/2015;94;4000;1;4
Sambepalli;Peddamadigapalli;;10/02/2015;58;4000;1;4
Sambepalli;Peddapalli;;10/02/2015;236;4000;1;4
Sambepalli;Peddapalli;;10/02/2015;1746;4000;3;12
Sambepalli;Rachapalli;;10/02/2015;124;4000;1;4
Sambepalli;Ragimanubidiki i;;10/02/2015;151;4000;1;4
Sambepalli;Reddyvaripalli;;10/02/2015;143;4000;1;4
Sambepalli;Sareddygaripalli;;10/02/2015;203;4000;1;4
Sambepalli;Siddareddygaripalli;;10/02/2015;317;4000;2;8
Sambepalli;Sivarampuram ST Colony;;10/02/2015;642;4000;3;12
Sambepalli;Sriramnagar Colony;;10-04-2015;224;4000;2;8
Sambepalli;Vadlathurakapalli;;10-04-2015;184;4000;2;8
Sambepalli;vanrachapalli;;10-04-2015;811;4000;2;8
Sambepalli;Vengamrajugaripalli;;10-04-2015;717;4000;1;4
Sidhout;Madigapalli (Mudumpadu cross);;01-04-2015;216;4000;2;8
Sidhout;Mudumpadu Kaspa;;01-04-2015;222;4000;1;4
Sidhout;Reddymulluvandlapalli;;01-04-2015;119;4000;1;4
Sidhout;Uramadigapalli;;15-04-2015;215;4000;2;8
Sidhout;Yellampalli;;15-04-2015;483;4000;2;8
Simhadripuram;Chinnagollapalli;;15-03-2015;30;4000;1;4
Simhadripuram;Enugondavandlapalli;;15-04-2015;455;4000;3;12
Simhadripuram;Guntharachapaali;;15-04-2015;295;4000;1;4
Simhadripuram;kamathamvaripalli;;15-04-2015;101;4000;1;4
Simhadripuram;Satram;;01-04-2015;99;4000;1;4
T.Sundupalli;Ananthampalli;;01-04-2015;96;4000;1;4
T.Sundupalli;Ananthampalli;;01-04-2015;116;4000;1;4
T.Sundupalli;Ananthampalli HW;;01-04-2015;63;4000;1;4
T.Sundupalli;Ananthampalli HW;;15.5.2015;64;4000;1;4
T.Sundupalli;Atloor BC colony;;20.03.2015;1073;4000;10;40
T.Sundupalli;Atloor HW;;20.03.2015;362;4000;3;12
T.Sundupalli;Atloor Main village;;20.03.2015;133;4000;1;4
T.Sundupalli;Atloor X road;;20.03.2015;58;4000;1;4
T.Sundupalli;Bheemunipadu;;15.04.2015;340;4000;2;8
T.Sundupalli;Bramhanapalli AW;;15.04.2015;644;4000;3;12
T.Sundupalli;Chakrampet;;15.04.2015;65;4000;1;4
T.Sundupalli;Chakrampet High school;;6.03.2015;150;4000;1;4
T.Sundupalli;Chavanavaripalli AW;;16.04.2015;1457;4000;8;32
T.Sundupalli;Chavanavaripalli HW;;17.04.2015;837;4000;4;16
T.Sundupalli;Chavanavaripalli main village;;15.04.2015;1069;4000;5;20
T.Sundupalli;Diguva Siddavaram;;16.04.2015;904;4000;5;20
T.Sundupalli;Diguva Siddavaram HW;;27.03.2015;201;4000;2;8
T.Sundupalli;Gollavaripalli HW;;18.01.2014;315;4000;3;12
T.Sundupalli;Gopamambapuram & Upparapalli Malapalli;;18.01.2014;116;4000;1;4
T.Sundupalli;Harjanawada (Kondreddygari HW);;21.04.2014;64;4000;1;4
T.Sundupalli;I.Bayanapalli;;23.02.2014;217;4000;2;8
T.Sundupalli;Kadherapet;;19.03.2014;119;4000;2;8
T.Sundupalli;Kadiyamvaripalli;;1.04.2014;97;4000;1;4
T.Sundupalli;Kadiyamvaripalli HW;;10.04.2014;109;4000;1;4
T.Sundupalli;Kakaralavaripalli;;10.06.2014;152;4000;2;8
T.Sundupalli;Kambalapalli;;10.06.2014;206;4000;3;12
T.Sundupalli;Kataripalli;;15.04.2014;482;4000;5;20
T.Sundupalli;Kavalakuntla;;15.04.2014;146;4000;2;8
T.Sundupalli;Kavalakuntla HW;;10.04.2014;137;4000;1;4
T.Sundupalli;KGBV School;;19.03.2014;85;4000;1;4
T.Sundupalli;Kollavaripalli;;19.03.2014;86;4000;1;4
T.Sundupalli;Kollavaripalli AW;;19.03.2014;328;4000;4;16
T.Sundupalli;Kommanavaripalli;;23.02.2014;190;4000;2;8
T.Sundupalli;Komminenivaripalli AW;;10.04.2014;101;4000;1;4
T.Sundupalli;Kommivaripalli AW;;10.04.2014;2097;4000;10;40
T.Sundupalli;Kondur BC colcony;;10.04.2014;149;4000;2;8
T.Sundupalli;Kondur SC colcony;;10.04.2014;710;4000;2;8
T.Sundupalli;Kondur ST colcony;;10.04.2014;648;4000;7;28
T.Sundupalli;Lakhsumpalli;;10.04.2014;320;4000;2;8
T.Sundupalli;Lakhsumpalli HW;;11.07.2014;206;4000;3;12
T.Sundupalli;Lakshmipuram ST colony;;11.07.2014;152;4000;2;8
T.Sundupalli;Lingala Dinnepalli;;25.05.2014;203;4000;2;8
T.Sundupalli;Mekavaripalli;;01.01.2015;59;4000;1;4
T.Sundupalli;Mekavaripalli HW;;28.03.2015;312;4000;5;20
T.Sundupalli;Mittameedapalli;;02.06.2014;114;4000;2;8
T.Sundupalli;Mudireddipalle  and SCColony;;01.05.2014;423;4000;6;24
T.Sundupalli;Mudrapalli AW;;01.05.2014;60;4000;1;4
T.Sundupalli;Mudrapalli eguva HW;;04.06.2014;245;4000;3;12
T.Sundupalli;Mudrapalli Main Village;;06.06.2014;112;4000;2;8
T.Sundupalli;Mudrapalli ST colony;;06.06.2014;202;4000;3;12
T.Sundupalli;Mundlavaripalli HW;;14.08.2014;60;4000;1;4
T.Sundupalli;Muslim Colony;;8.10.2014;88;4000;3;12
T.Sundupalli;Nabiyebad;;25.02.2015;170;4000;2;8
T.Sundupalli;Nadimpalli;;15.02.2015;194;4000;2;8
T.Sundupalli;Nadimpalli;;1.03.2015;440;4000;5;20
T.Sundupalli;Naiduvaripalli;;1.03.2015;60;4000;1;4
T.Sundupalli;Nallapureddypalli HW;;1.03.2015;120;4000;2;8
T.Sundupalli;Nasereddypalli;;1.03.2015;405;4000;4;16
T.Sundupalli;Nelatur;;07.03.2015;362;4000;4;16
T.Sundupalli;Nirmalagiri Colony;;06.03.2015;1178;4000;12;48
T.Sundupalli;Padmaiahgaripalli HW;;25.02.2015;353;4000;1;4
T.Sundupalli;Pathapalli AW;;20.02.2015;25;4000;2;8
T.Sundupalli;Peramvaaripalli;;20.02.2015;131;4000;2;8
T.Sundupalli;Peramvaaripalli HW;;25.02.2015;129;4000;2;8
T.Sundupalli;Peramvaaripalli HW;;25.02.2015;95;4000;1;4
T.Sundupalli;Pondalur BC colony;;15.03.2015;135;4000;2;8
T.Sundupalli;Poolathota HW;;25.03.2015;60;4000;1;4
T.Sundupalli;Pulla Reddygaripalli;;23.03.2015;131;4000;2;8
T.Sundupalli;Pullampeta &            Pullampeta HW;;23.03.2015;412;4000;5;20
T.Sundupalli;Rajupalem;;25.03.2015;150;4000;2;8
T.Sundupalli;Ramakkapalli HW;;01.04.2015;1078;4000;11;44
T.Sundupalli;Reddyvaripalli;;01.04.2015;135;4000;2;8
T.Sundupalli;Sainagar;;3.04.2015;354;4000;3;12
T.Sundupalli;SC Colony;;3.04.2015;121;4000;3;12
T.Sundupalli;Siddavaram Malawada;;3.04.2015;121;4000;2;8
T.Sundupalli;Singanavaripalli;;07.04.2015;117;4000;1;4
T.Sundupalli;Singanavaripalli HW;;6.04.2015;104;4000;1;4
T.Sundupalli;Srinivasapuram;;07.04.2015;870;4000;4;16
T.Sundupalli;ST Colony;;07.04.2015;752;4000;4;16
T.Sundupalli;Suddagaddarachapalli;;28.04.2015;103;4000;1;4
T.Sundupalli;T.Balijapalli;;28.04.2015;826;4000;1;4
T.Sundupalli;T.Balijapalli AW;;28.04.2015;205;4000;1;4
T.Sundupalli;T.Ramapuram;;28.04.2015;163;4000;1;4
T.Sundupalli;Thammireddypalli and HW;;14.01.2015;58;4000;1;4
T.Sundupalli;Thotlapalli;;05.03.2015;175;4000;2;8
T.Sundupalli;Udumvaripalli AW;;15.03.2014;83;4000;1;4
T.Sundupalli;Udumvaripalli HW;;15.03.2014;67;4000;1;4
T.Sundupalli;Upparapalli;;12.05.2014;134;4000;1;4
T.Sundupalli;Upparapalli;;6.04.2015;142;4000;2;8
T.Sundupalli;Utukur HW;;6.04.2015;152;4000;2;8
T.Sundupalli;Utukur Rachapalem;;03.01.2015;87;4000;1;4
T.Sundupalli;Vadde colony;;10.03.2015;535;4000;4;16
T.Sundupalli;Venkata Rajampet;;26.03.2015;143;4000;2;8
T.Sundupalli;Venkatampalli AW;;02.04.2015;3692;4000;8;32
T.Sundupalli;Venkatampalli AW;;02.04.2015;213;4000;2;8
T.Sundupalli;Venkatanarayanapalli;;02.06.2014;114;4000;2;8
T.Sundupalli;Venkatanarayanapalli;;01.05.2014;423;4000;6;24
T.Sundupalli;Yapativaripalli;;01.05.2014;60;4000;1;4
T.Sundupalli;Yapativaripalli;;04.06.2014;245;4000;3;12
T.Sundupalli;Yemmanur;;06.06.2014;112;4000;2;8
Thondur;Mudrapalli AW;;06.06.2014;202;4000;3;12
Thondur;Mudrapalli eguva HW;;14.08.2014;60;4000;1;4
Thondur;Pathapalli AW;;8.10.2014;88;4000;3;12
Thondur;Peramvaaripalli;;25.02.2015;170;4000;2;8
Thondur;Rajupalem;;15.02.2015;194;4000;2;8
V.N Palli;Chakrampet;;1.03.2015;440;4000;5;20
V.N Palli;Chakrampet High school;;1.03.2015;60;4000;1;4
V.N Palli;Diguva Siddavaram;;1.03.2015;120;4000;2;8
V.N Palli;Diguva Siddavaram HW;;1.03.2015;405;4000;4;16
V.N Palli;Kadiyamvaripalli;;07.03.2015;362;4000;4;16
V.N Palli;Kakaralavaripalli;;06.03.2015;1178;4000;12;48
V.N Palli;Lakshmipuram ST colony;;25.02.2015;353;4000;1;4
V.N Palli;Mudrapalli Main Village;;20.02.2015;25;4000;2;8
V.N Palli;Mudrapalli ST colony;;20.02.2015;131;4000;2;8
Veeraballi;Ambakapalli;;25.02.2015;129;4000;2;8
Veeraballi;Ammaiahgaripalli;;25.02.2015;95;4000;1;4
Veeraballi;B.Kothapalli;;15.03.2015;135;4000;2;8
Veeraballi;B.T.Palli;;25.03.2015;60;4000;1;4
Veeraballi;Bandlaiahgaripalli;;23.03.2015;131;4000;2;8
Veeraballi;Batchaiahgaripalli;;23.03.2015;412;4000;5;20
Veeraballi;Bodigundupalli;;25.03.2015;150;4000;2;8
Veeraballi;Bodivaripalli;;01.04.2015;1078;4000;11;44
Veeraballi;Bonala;;01.04.2015;135;4000;2;8
Veeraballi;Buchupalli;;01.05.2015;570;4000;6;24
Veeraballi;Chinnakudala;;01.05.2015;93;4000;1;4
Veeraballi;Chitvel H.W;;01.05.2015;93;4000;1;4
Veeraballi;Devathapuram;;10.05.2015;144;4000;2;8
Veeraballi;Duddekunta;;10.05.2015;291;4000;3;12
Veeraballi;Eguvapalli;;10.05.2015;93;4000;1;4
Veeraballi;Gandluru R & R Centre;;10.05.2015;450;4000;5;20
Veeraballi;Ganganapalli;;10.05.2015;125;4000;2;8
Veeraballi;Gargupalli;;01.05.2015;494;4000;5;20
Veeraballi;Gondhipalli;;01.05.2015;1189;4000;7;28
Veeraballi;Gotlamitta;;01.05.2015;507;4000;3;12
Veeraballi;GunakanapalliH/o.Gunakanapalli;;01.05.2015;646;4000;10;40
Veeraballi;Hirozipuram;;05.5.2015;300;4000;3;12
Veeraballi;Intiobaiahpalli;;05.5.2015;175;4000;2;8
Veeraballi;Joropalli H.W;;01/02/2015;374;4000;3;12
Veeraballi;K.S.Agraharam;;01/02/2015;601;4000;4;16
Veeraballi;Kadiyamvaripalli HW;;01/02/2015;383;4000;3;12
Veeraballi;Kandlopalli;;01/02/2015;61;4000;1;4
Veeraballi;Kasturivaripalli;;01/03/2015;370;4000;4;16
Veeraballi;Kasturivaripalli H.W;;10/03/2015;580;4000;6;24
Veeraballi;Kolavali;;01/03/2015;165;4000;1;4
Veeraballi;Kuppakuttapalli;;01/03/2015;79;4000;1;4
Veeraballi;Lakshmipuram;;15/04/2015;391;4000;4;16
Veeraballi;M.M.Gollapalli;;15/04/2015;70;4000;1;4
Veeraballi;Mahaboob nagar;;15/04/2015;85;4000;1;4
Veeraballi;Mallikavandlapalli;;15/04/2015;300;4000;3;12
Veeraballi;Mundlavaripalli HW;;01/10/2014;1097;4000;6;24
Veeraballi;Murarichinthala;;28/09/2014;1237;4000;6;24
Veeraballi;Mylapalli A.W;;28/09/2014;791;4000;5;20
Veeraballi;Mylapalli Vaddipalli;;16/07/2014;1534;4000;6;24
Veeraballi;Nadimpalli;;01/01/2015;49;4000;2;8
Veeraballi;Naiduvaripalli;;12/02/2015;1333;4000;5;20
Veeraballi;Naiduvaripalli HW;;20/03/2015;483;4000;3;12
Veeraballi;Nakkalapalli;;20/03/2015;1445;4000;7;28
Veeraballi;Narapareddipalli;;20/03/2015;685;4000;5;20
Veeraballi;Padmaiahgaripalli HW;;05/04/2015;871;4000;6;24
Veeraballi;Paluru;;20/03/2015;489;4000;4;16
Veeraballi;payalopalli;;02/04/2015;927;4000;5;20
Veeraballi;Pondalur BC colony;;02/04/2015;375;4000;3;12
Veeraballi;Poolathota HW;;05/05/2015;948;4000;7;28
Veeraballi;Pothulapalli;;05/05/2015;930;4000;5;20
Veeraballi;Rachakuntapalli;;15/05/2015;633;4000;3;12
Veeraballi;Ramanuthalapalli;;19/01/2015;217;4000;3;12
Veeraballi;Rayalapuram;;03/03/2015;959;4000;4;16
Veeraballi;Reddivaripalli;;20/02/2015;2334;4000;6;24
Veeraballi;S.Thimmapuram;;03/04/2015;417;4000;3;12
Veeraballi;Saidapuram;;28/03/2015;1873;4000;5;20
Veeraballi;Sangadevpalli;;07/05/2015;1939;4000;5;20
Veeraballi;Sangadevpalli H.W;;10/05/2015;290;4000;2;8
Veeraballi;Thathireddypalli;;01/05/2015;165;4000;2;8
Veeraballi;Thernampalli;;07/05/2015;847;4000;4;16
Veeraballi;Ustikayalapalli;;09/05/2015;156;4000;2;8
Veeraballi;utukuruvandlaplli;;21/12/2014;380;4000;3;12
Veeraballi;V.Kothapalli;;01.01.2015;1904;4000;4;16
Veeraballi;Vadde colony;;01.02.2015;1158;4000;5;20
Veeraballi;varikuntlaplli;;16.02.2015;264;4000;2;8
Veeraballi;Velpula;;16.02.2015;340;4000;3;12
Veeraballi;Vemula;;01/03/2015;169;4000;2;8
Veeraballi;Yanamalachinthala;;18/04/2015;1273;4000;5;20
Veeraballi;Yeddulayeni;;09.02.2015;708;4000;4;16
Vemula;Akothotapalli Sc colony;;09.02.2015;2009;4000;8;32
Vemula;Aravetipalli;;09.02.2015;390;4000;3;12
Vemula;Baduguvaripalli;;09.02.2015;175;4000;3;12
Vemula;Konapuram;;01.03.2015;722;4000;4;16
Vemula;Korrapadu;;08.03.2015;818;4000;4;16
Vemula;Sompalli;;12.03.2015;345;4000;3;12
Vemula;Uppaluru;;11.04.2015;4263;4000;10;40
